application,brand_name,capacity,category,closure,color,company_name,condition,currency,delivery_time,design,fob_port,fabric_type,feature,gstin,gender,grade,main_domestic_market,main_export_market(s),material,minimum_order_quantity,minimum_ordered_packs,mop,moq,occasion,packaging_details,packsize,pattern,payment_terms,plastic_type,price,price_type,product_link,product_name,product_type,product_unit,returnable,sample_available,sample_policy,season,shape,size,stock_quantity,style,supply_ability,surface_materials,type,unit_type,usage,volume_(l),weight,work_type,is_stainless,product_name_clean,capacity_liters,row_num
,P-SQUARE TECHNOLOGIES,,Water Storage Tanks,,,P-SQUARE TECHNOLOGIES,,INR,3-2 Week,,,,,0%,,,All India,Australia Eastern Europe Middle East Africa Central America South America Western Europe Asia North America,Steel,1,1,1,1,,,1,,,,20000.00 INR (Approx.),fixed,https://www.tradeindia.com/products/steel-storage-vessels-c2281601.html,"Steel Storage Vessel - Stainless Steel 304, 10 Ton Capacity, Silver Color | Durable, Leakage-free, Easy to Clean and Maintain",,10 Piece/Pieces,False,,,,,,55,,1 Per Week,,,Piece/Pieces,,,,,True,steel storage vessel  stainless steel 304 10 ton capacity silver color  durable leakagefree easy to clean and maintain,,1
,LABH PROJECTS PVT. LTD.,,Water Storage Tanks,,,LABH PROJECTS PVT. LTD.,,INR,30 Days,,india,,,0%,,,All India,Western Europe Australia North America Eastern Europe Middle East Central America South America Asia Africa,,1,1,1,1,,Sea Worthy Wooden Export Packing,1,,Letter of Credit (L/C) Letter of Credit at Sight (Sight L/C) Cash Against Delivery (CAD) Telegraphic Transfer (T/T),,1500000.00 INR (Approx.),fixed,https://www.tradeindia.com/products/stainless-steel-vertical-horizontal-storage-tank-for-ro-water-c6589390.html,Stainless steel vertical & horizontal storage tank for RO water,,1 Piece/Pieces,False,,Contact us for information regarding our sample policy,,,,15,,,,,Piece/Pieces,,,,,True,stainless steel vertical  horizontal storage tank for ro water,,2
,,,Water Storage Tanks,,,CRYSTAL IMPEX,,,,,,,,,,,,,,,,,,,,,,,,,,https://www.tradeindia.com/products/nexlin-storage-waste-water-tank-c10217144.html,Nexlin storage waste water tank,,,,,,,,,,,,,,,,,,,False,nexlin storage waste water tank,,3
,THE BOMBAY ENGINEERING WORKS,500 liters,Water Storage Tanks,,Silver,THE BOMBAY ENGINEERING WORKS,,INR,,,,,,0%,,,,,Stainless Steel,1,1,1,1,,,1,,,,100000.00 INR (Approx.),fixed,https://www.tradeindia.com/products/dm-water-storage-tank-c7253375.html,"DM Water Storage Tank - High-Density Polyethylene, 2000 Liters Capacity | UV Resistant, Corrosion-Resistant Design, Easy Installation",,2,False,,,,,,25,,,,Vertical Tank Other,,,,,,True,dm water storage tank  highdensity polyethylene 2000 liters capacity  uv resistant corrosionresistant design easy installation,500.0,4
,Sintex,,Water Storage Tanks,,Black,DARSHIT TRADING COMPANY,,INR,,,,,,0%,,,All India,,Plastic,60,60,60,60,,,1,,Cash Advance (CA) Cash in Advance (CID),LLDPE,4250.00 INR (Approx.),fixed,https://www.tradeindia.com/products/sintex-black-water-storage-tank-c7685132.html,Plastic Sintex Black Double Wall Water Storage Tank,,60 Unit/Units,False,,,,Cylindrical,,180,,,,,Unit/Units,,500 to 25000 Liter (L),,,False,plastic sintex black double wall water storage tank,,5
,,,Water Storage Tanks,,Black & White,MAMATA ROOFINGS,,,4-5 Days,,,,,,,,,,Plastic,,,,,,,,,,ABS,,,https://www.tradeindia.com/products/plastic-water-storage-tanks-c8762966.html,Black & White Plastic Water Storage Tanks,,,,,,,Cylindrical,,,,1000 Per Month,,,,,,,,False,black  white plastic water storage tanks,,6
,,,Water Storage Tanks,,Silver,DPL VALVES & SYSTEMS PVT. LTD.,,,7 Days,,,,,,,S.S. 304 / S.S. 316 / S.S. 316 L,,,Stainless Steel,,,,,,,,,,,,,https://www.tradeindia.com/products/stainless-steel-purified-water-storage-tank-c10831177.html,Stainless Steel Purified Water Storage Tank - Color: Silver,,,,,,,Round,Standard,,,1000 Per Month,,,,Industrial,,,,True,stainless steel purified water storage tank  color silver,,7
Industrial,BOTTMAC INDIA PRIVATE LIMITED,,Water Storage Tanks,,Silver,BOTTMAC INDIA PRIVATE LIMITED,NEW,INR,15 Days,,,,,0%,,Industrial,All India,,Stainless Steel,1,1,1,1,,Packed in As per Industry Standard,,,Delivery Point (DP) Days after Acceptance (DA) Cheque,,200000.00 INR (Approx.),fixed,https://www.tradeindia.com/products/stainless-steel-storage-tanks-5262838.html,"Stainless Steel Storage Tanks - New Standard Size, Silver Finish | Industrial Liquid Storage, Round Shape, Quality Approved",Storage Tanks,1 Piece/Pieces,False,,Contact us for information regarding our sample policy,,Round,Standard,5,,,,,Piece/Pieces,Liquid storage,,,,True,stainless steel storage tanks  new standard size silver finish  industrial liquid storage round shape quality approved,,8
,SUNZONE SOLAR SYSTEM INDIA PRIVATE LIMITED,,Water Storage Tanks,,Grey,SUNZONE SOLAR SYSTEM INDIA PRIVATE LIMITED,,INR,,,,,,0%,,,South India,,Stainless Steel,1,1,1,1,,,1,,,,55000.00 INR (Approx.),fixed,https://www.tradeindia.com/products/stainless-steel-storage-tank-flat-plate-collector-solar-water-heater-c5992890.html,Stainless Steel Storage Tank Flat Plate Collector Solar Water Heater - Color: Grey,,1 Piece/Pieces,False,,,,,,15,,,,Solar,Piece/Pieces,,,,,True,stainless steel storage tank flat plate collector solar water heater  color grey,,9
Water Storage,IVS ENTERPRISES,1000 Liter/day,Water Storage Tanks,,Black,IVS ENTERPRISES,NEW,INR,3 Days,,,,,0%,,00,All India,,Plastic,1,1,1,1,,As Per Industry Standard,1,,Others Cash Advance (CA) Cash in Advance (CID),PVC,75000.00 INR (Approx.),fixed,https://www.tradeindia.com/products/1000-liter-storage-matte-finished-plain-frp-water-storage-tank-8339283.html,"PVC Water Storage Tank - 12 Inch Diameter, 1000 Liter Capacity | Matte Black Finish, Cylindrical Design, 30 MPa Tensile Strength, 10.3mm Thickness",Water Storage Tank,5 Piece/Pieces,False,,Contact us for information regarding our sample policy,,Cylindrical,00,15,,5 Per Week,PVC,,Piece/Pieces,Water Storage,1000 Liter (L),00 Pound (lb),,False,pvc water storage tank  12 inch diameter 1000 liter capacity  matte black finish cylindrical design 30 mpa tensile strength 103mm thickness,1000.0,10
Industrial,,50000 Ltr,Water Storage Tanks,,Green,JRMS ENGINEERING WORKS,NEW,,7 Days,,,,,,,A,,,,,,,,,,,,,,,,https://www.tradeindia.com/products/industrial-water-storage-tank-c10285326.html,Industrial Water Storage Tank - Capacity: 50000 Ltr,Industrial Water Storage Tank,,,,,,,Standard,,,100 Per Month,,,,Industrial,,,,False,industrial water storage tank  capacity 50000 ltr,50000.0,11
,,,Water Storage Tanks,,,CAMPUS POLY PLAST PVT. LTD.,,,,,,,,,,,,,,,,,,,,,,,,,,https://www.tradeindia.com/products/triple-layer-water-storage-tank-1943447.html,"Triple Layer Water Storage Tank - Anti-Corrosive Material, Strict Quality Control | Durable Performance and Long-Lasting Reliability",,,,,,,,,,,,,,,,,,,False,triple layer water storage tank  anticorrosive material strict quality control  durable performance and longlasting reliability,,12
,,,Water Storage Tanks,,,KAVERI PLASTO CONTAINER PVT. LTD.,,,7 Days,,,,,,,Multigrade,South India,,Plastic,,,,,,,,,Cash in Advance (CID),PVC,,,https://www.tradeindia.com/products/domestic-water-storage-tank-c9555658.html,Domestic Water Storage Tank - Grade: Multigrade,,,,,,,Cylindrical,,,,1000 Per Month,,,,,500 to 5000 Liter (L),,,False,domestic water storage tank  grade multigrade,,13
,SRI KAMATCHI TRADERS,,Water Storage Tanks,,Blue,SRI KAMATCHI TRADERS,,INR,7 Days,,,,,0%,,Industrial,,,Metal,1,1,1,1,,,1,,,,150000.00 INR (Approx.),fixed,https://www.tradeindia.com/products/underground-water-storage-tanks-sumps-c10397337.html,Underground Water Storage Tanks Sumps - Color: Blue,,1 Piece/Pieces,False,,,,Square,Standard,5,,10 Per Week,,,Piece/Pieces,,,,,False,underground water storage tanks sumps  color blue,,14
,,,Water Storage Tanks,,White,CHOUDHARY TANK AGENCY,,,10 Days,,,,,,,,All India,,Metal,,,,,,,,,Cash in Advance (CID),HDPE,,,https://www.tradeindia.com/products/5000-ltr-hdpe-water-storage-tank-c10196223.html,5000 Ltr Hdpe Water Storage Tank - Color: White,,,,,,,Other Vertical- Round,407mm,,,5000 Per Month,Powder Coating,,,,,,,False,5000 ltr hdpe water storage tank  color white,,15
,,,Water Storage Tanks,,,T M COMPONENTS,,,2 Days,,,,,,,,,,,,,,,,,,,,,,,https://www.tradeindia.com/products/4-layer-blow-moulded-water-storage-tank-c6128030.html,4 Layer Blow Moulded Water Storage Tank,,,,,,,,,,,50 Per Week,,,,,,,,False,4 layer blow moulded water storage tank,,16
,,,Water Storage Tanks,,Silver,SHRAJ MACHINERY,NEW,INR,7 Days,,,,,0%,,Industrial,,,,1,1,1,1,,,1,,,,280000.00 INR (Approx.),fixed,https://www.tradeindia.com/products/stainless-steel-water-storage-tank-c10600410.html,Stainless Steel Water Storage Tank - Color: Silver,Stainless Steel Water Storage Tank,1 Unit/Units,False,,,,,Standard,10,,100 Per Month,,,Unit/Units,Industrial,,,,True,stainless steel water storage tank  color silver,,17
,PRIMA,,Water Storage Tanks,,White,PRIMA PLASTICS LTD.,,INR,10 Days,,NA,,,0%,,NA,Madhya Pradesh Maharashtra Punjab Gujarat Uttar Pradesh West India Rajasthan,Asia North America,Plastic,2,2,2,2,,,1,,Cash Against Delivery (CAD) Cash on Delivery (COD) Cash Advance (CA) Cash in Advance (CID) Cheque,LLDPE,6500.00 INR (Approx.),fixed,https://www.tradeindia.com/products/water-storage-tank-c9624935.html,Water Storage Tank 1000 Ltrs,,2 Number,False,True,Contact us for information regarding our sample policy,,Cylindrical,1100mm Dia x 1310mm H x 400mm Manhole,20,,50 Per Week,Virgin Plastic,,Number,,1000 Liter (L),,,False,water storage tank 1000 ltrs,,18
Residential buildings commercial complexes hospitals schools industries,LGS Projects Pvt Ltd,10000 Approx Ltr,Water Storage Tanks,,Silver,LGS PROJECTS PRIVATE LIMITED,,INR,30-45 Days,,Greater Noida,,,0%,,,All India,,Steel,1,1,1,1,,,1,,,,10000000.00 INR (Approx.),fixed,https://www.tradeindia.com/products/drinking-water-storage-tank-c10442058.html,Drinking Water Storage Tank - Application: Residential Buildings,Water Storage Tank,1 Liter/Liters,False,False,Contact us for information regarding our sample policy,,Cylindrical,,5,,5 Per Year,,,Liter/Liters,Storage of potable/drinking water,,3000.00 Kilograms (KG),,False,drinking water storage tank  application residential buildings,10000.0,19
,,,Water Storage Tanks,,White,SHRAVANI INDUSTRIES,,,7 Days,,,,,,,,All India,,Plastic,,,,,,,,,Cash in Advance (CID),,,,https://www.tradeindia.com/products/white-plastic-water-storage-tank-c10604468.html,Loft Water Storage Tank - Color: White,,,,,,,Other Rectangular,,,,100 Per Month,Plastic,,,,500 1000 etc Liter (L),,,False,loft water storage tank  color white,,20
,,,Water Storage Tanks,,As Per Requirement,VIGNESH INDUSTRIES PRIVATE LIMITED,NEW,,10 Days,,,,,,,,All India,,,,,,,,,,,Cash in Advance (CID),,,,https://www.tradeindia.com/products/sintex-underground-water-storage-tank-c10223924.html,"Sintex Underground Water Storage Tank - Durable Material, Various Sizes Available, Customizable Color Options | Ideal for Industrial Use, Easy to Install",,,,,,,,Different available,,,100 Per Month,,,,Industrial,,,,False,sintex underground water storage tank  durable material various sizes available customizable color options  ideal for industrial use easy to install,,21
,,As per the client required Ton/day,Water Storage Tanks,,Stainless Steel finished,SHREE BHAGWATI MACHTECH (I) PVT. LTD.,,,4 - 6 Week,,India,,Simple Control Stable Operation High Performance ECO Friendly Low Noise Lower Energy Consumption High Efficiency,,,,All India,Asia Australia Central America North America South America Eastern Europe Western Europe Middle East Africa,Stainless Steel Alloy,,,,,,Wooden packing only,,,,,,,https://www.tradeindia.com/products/15kw-stainless-steel-water-storage-tank-for-liquid-water-production-line-c5317102.html,15Kw Stainless Steel Water Storage Tank For Liquid Water Production Line Capacity: As Per The Client Required Ton/Day,Stainless Steel Water Storage Tank,,,True,Contact us for information regarding our sample policy,,,,,,,,Other,,,,,,True,15kw stainless steel water storage tank for liquid water production line capacity as per the client required tonday,,22
,,,Water Storage Tanks,,Yellow Black & White,OSWAL HITECH PVT. LTD.,,,4-5 Days,,,,,,,Food & UV,Karnataka,,Plastic,,,,,,,,,,LLDPE,,,https://www.tradeindia.com/products/3000-ltr-plastic-water-storage-tanks-c6913101.html,"Plastic Water Storage Tanks By Hitank - LLDPE, 3000 & 5000 Litres | Food & UV Grade, Cylindrical Shape, BPA-Free Polyethylene",,,,True,Sample costs shipping and taxes has to be paid by the buyer,,Cylindrical,3000 & 5000 Litres,,,100 Per Week,Plastic,,,,3000 & 5000 Liter (L),,,False,plastic water storage tanks by hitank  lldpe 3000  5000 litres  food  uv grade cylindrical shape bpafree polyethylene,,23
,,,Water Storage Tanks,,,VARUNA,,,10 Days,,,,,,,,All India,,,,,,,,,,,Cash in Advance (CID),,,,https://www.tradeindia.com/products/concrete-water-storage-tank-c10151998.html,Concrete Water Storage Tank,,,,,,,,,,,5000 Per Month,,,,,,,,False,concrete water storage tank,,24
,,,Water Storage Tanks,,,TMT POLYMERS INDIA PVT LTD.,,,,,,,,,,,,,,,,,,,,,,,,,,https://www.tradeindia.com/products/water-tanks-3977727.html,Leak Free TMT Water Tanks,,,,,,,,,,,,,,,,,,,False,leak free tmt water tanks,,25
,,,Water Storage Tanks,,,SHAMA GLOBAL,,,,,,,,,,,,,,,,,,,,,,,,,,https://www.tradeindia.com/products/boiler-coil-8845119.html,"Boiler Coil, Boiler Type: Water Tube",,,,,,,,,,,,,,,,,,,False,boiler coil boiler type water tube,,26
Industrial,,,Water Storage Tanks,,Silver,N M AQUATECH,NEW,,,,,,,,,,East India,,,,,,,,,,,Cash Advance (CA),,,,https://www.tradeindia.com/products/stainless-steel-water-storage-tank-8165900.html,Plastic Stainless Steel Water Storage Tank,Water Storage Tank,,,,,,,,,,10 Per Day,,,,,,,,True,plastic stainless steel water storage tank,,27
Water Storage,,,Water Storage Tanks,,Red,REY ENTERPRISE,NEW,,7 Days,,,,,,,,,,,,,,,,,,,,,,,https://www.tradeindia.com/products/amrutam-underground-water-storage-tanks-c10468830.html,Amrutam Underground Water Storage Tanks - Color: Red,Amrutam Underground Water Storage Tanks,,,,,,,Customized,,,50 Per Week,,,,Industrial,,,,False,amrutam underground water storage tanks  color red,,28
,,250-500 Liter Ton/day,Water Storage Tanks,,White,INDIA FLEX ENGINEERING,New,,1 Week,,,,,,,,All India,,Stainless Steel,,,,,,,,,Cash in Advance (CID) Cheque Cash Advance (CA),,,,https://www.tradeindia.com/products/pressure-tank-c2564735.html,Pressure Tank - Capacity: 250-500 Liter Ton/Day,Pressure Tank,,,,,,,,,,10 Per Week,,,,As Tank,,,,True,pressure tank  capacity 250500 liter tonday,250.0,29
,,,Water Storage Tanks,,White and Blue,DUTRON PLASTICS PRIVATE LIMITED,,,1 Days,,,,,,,Industrial,All India,Asia,Plastic,,,,,,As per client Specification.,,,Cash Against Delivery (CAD) Cash on Delivery (COD) Cash in Advance (CID) Cash Advance (CA),,,,https://www.tradeindia.com/products/plastic-round-shape-polished-blue-and-white-plain-water-storage-tank-7380393.html,"Plastic Water Storage Tank - ISI Certified, 500-1000 Liter Capacity | Round Shape, Polished Finish, Industrial Grade, Blue and White Color",,,,True,Contact us for information regarding our sample policy,,Cylindrical,Multisize,,,,,,,,500-1000 Liter (L),,,False,plastic water storage tank  isi certified 5001000 liter capacity  round shape polished finish industrial grade blue and white color,,30
,,,Water Storage Tanks,,,RONAK INDUSTRIES,,,7 Days,,,,,,,,,,,,,,,,,,,,,,,https://www.tradeindia.com/products/frp-storage-tank-c3393959.html,"FRP Storage Tank - High-Durability Fiberglass Reinforced Polymer | Corrosion-Resistant, UV-Stabilized, Versatile Liquid Storage Solution",,,,,,,,,,,10 Per Week,,,,,,,,False,frp storage tank  highdurability fiberglass reinforced polymer  corrosionresistant uvstabilized versatile liquid storage solution,,31
Water Storage,,500 to 10000 Lits,Water Storage Tanks,,,RADIONICS,,,,,,,,,,,All India,,,,,,,,,,,,,,,https://www.tradeindia.com/products/reno-water-tank-c5736170.html,Sintex Reno Water Storage Tank - 500 to 10000 Liters Capacity | Durable Water Storage Solution,,,,True,,,,,,,,,,,,,,,False,sintex reno water storage tank  500 to 10000 liters capacity  durable water storage solution,500.0,32
,ITI,,Water Storage Tanks,,,ENGINEERS INDIA RESEARCH INSTITUTE,,INR,2-3 Days,,,,,0%,,,All India,,,1,1,1,1,,,1,,,,35000.00 INR (Approx.),fixed,https://www.tradeindia.com/products/project-report-on-plastic-water-storage-tanks-eiri-1487-c1927132.html,Project Report On Plastic Water Storage Tanks [Eiri-1487],,1 Piece/Pieces,False,,,,,,10,,1 Per Day,,,Piece/Pieces,,,,,False,project report on plastic water storage tanks eiri1487,,33
,,,Water Storage Tanks,,Silver,GOKUL WATER TECHNOLOGIES,,,7-10 Days,,,,,,,,All India,,Metal,,,,,,,,,Cash in Advance (CID),,,,https://www.tradeindia.com/products/stainless-steel-water-storage-tank-c10635986.html,Stainless Steel Water Storage Tank - Color: Silver,,,,,,,Cylindrical,Different Size,,,30 Per Month,Polished,,,,,,,True,stainless steel water storage tank  color silver,,34
,,,Water Storage Tanks,,,SHREE UMIYA ROTOPLAST CONTAINER,,,1 Week,,,,,,,,All India,,Plastic,,,,,,,,,,LLDPE,,,https://www.tradeindia.com/products/shivaay-gold-water-storage-tank-c3410880.html,"Shivaay Gold Water Storage Tank - LLDPE Material, 3 Layer Design | Flexible, Durable, Anti-Bacterial, Leak Proof, UV Protected, Weather Proof",,,,,,,,,,,400000 Per Day,,,,,,,,False,shivaay gold water storage tank  lldpe material 3 layer design  flexible durable antibacterial leak proof uv protected weather proof,,35
Industrial,MKV TECH SOLUTIONS,75000 Ltr,Water Storage Tanks,,White,MKV TECH SOLUTIONS,NEW,INR,10 Days,,,,,0%,,First Class,All India,,,1,1,1,1,,,1,,,,545000.00 INR (Approx.),fixed,https://www.tradeindia.com/products/75000-liter-zinc-aluminium-water-storage-tank-c8460831.html,75000 Liter Zinc Aluminium Water Storage Tank - Application: Industrial,75000 Liter Zinc Aluminium Water Storage Tank,1 Liter/Liters,False,,,,,Different Sizes Available,10,,100 Per Month,,,Liter/Liters,Storage,,,,False,75000 liter zinc aluminium water storage tank  application industrial,75000.0,36
,,,Water Storage Tanks,,Silver,UNIVERSAL ENERGY SOLUTIONS,NEW,,2-10 Days,,,,,,,,All India,,,,,,,,,,,Cash in Advance (CID),,,,https://www.tradeindia.com/products/hot-water-storage-tank-c10673166.html,Hot Water Storage Tank - Color: Silver,,,,,,,,Standard,,,50 Per Month,,,,Industrial,,50-200 Kilograms (kg),,False,hot water storage tank  color silver,,37
Industrial,RISHIT ENGINEERING,,Water Storage Tanks,,Blue,RISHIT ENGINEERING,,INR,1 Week,,,,,0%,,,All India,,Plastic,1,1,1,1,,Standard.,1,,Cash in Advance (CID),,48000.00 INR (Approx.),fixed,https://www.tradeindia.com/products/pph-barrel-7079652.html,Pph Barrel Tank,Php Barrel Tank,1 Unit/Units,False,,Contact us for information regarding our sample policy,,Rectangular,,5,,10 Per Week,,,Unit/Units,Industrial,,,,False,pph barrel tank,,38
,HI FILL ENGINEERS,,Water Storage Tanks,,,HI FILL ENGINEERS & FABRICATORS,,INR,,,,,,0%,,,,,,1,1,1,1,,,1,,,,120000.00 INR (Approx.),fixed,https://www.tradeindia.com/products/ss-water-storage-tanks-c1418348.html,SS Water Storage Tanks,,1 Piece/Pieces,False,,,,,,10,,,,,Piece/Pieces,,,,,False,ss water storage tanks,,39
,,,Water Storage Tanks,,White,AJMERA AND COMPANY,NEW,,7 Days,,,,,,,,All India,,,,,,,,,,,Cash Advance (CA),,,,https://www.tradeindia.com/products/triple-layer-white-tank-c7315654.html,Triple Layer White Water Storage Tank Height: 37.7-124.4 Inch (In),Water Tank,,,,,,,35.8-83.6 Inch,,,,,,,,,,,False,triple layer white water storage tank height 3771244 inch in,,40
,RAJARAM POLYMERS,,Water Storage Tanks,,Different Available,RAJARAM POLYMERS,,INR,10 Days,,,,,0%,,First Class,All India,,Plastic,10,10,10,10,,,,,Cash on Delivery (COD),ABS,6000.00 INR (Approx.),fixed,https://www.tradeindia.com/products/500-litres-to-1000-litres-plastic-water-storage-tanks-c8773548.html,500 Litres To 1000 Litres Plastic Water Storage Tanks - Color: Different Available,,10 Piece/Pieces,False,,,,Funnel-Shaped,Customized,50,,1000 Per Month,Coated,,Piece/Pieces,,,,,False,500 litres to 1000 litres plastic water storage tanks  color different available,,41
,Shivam Enterprises,,Water Storage Tanks,,,SHIVAM ENTERPRISES,,INR,,,,,,18%,,,,,,1,1,1,1,,,500,,,,3.18 INR (Approx.),fixed,https://www.tradeindia.com/products/water-storage-tank-7342958.html,"Water Storage Tank - BPA-Free, Antibacterial Material | UV and Heat Resistant, Keeps Water Cool for Extended Periods",,1 Liter/Liters,False,,,,,,92,,,,,Liter/Liters,,,10.00 Kilogram,,False,water storage tank  bpafree antibacterial material  uv and heat resistant keeps water cool for extended periods,,42
,,,Water Storage Tanks,,,FALBIN ENGINEERING PVT. LTD.,,,1 Months,,,,,,,,All India,Africa,,,,,,,,,,Others Cash in Advance (CID) Cheque,,,,https://www.tradeindia.com/products/ss-water-tank-c2497409.html,"SS Water Tank - Stainless Steel, 1000 Gallon Capacity | Durable, Corrosion-Resistant, UV-Protection Design",,,,,,,,,,,,,,,,,,,True,ss water tank  stainless steel 1000 gallon capacity  durable corrosionresistant uvprotection design,,43
,,,Water Storage Tanks,,Cream,SPIRAL SPECIALIST,,,10 Days,,,,,,,,All India,,FRP,,,,,,,,,Cash Advance (CA),,,,https://www.tradeindia.com/products/frp-underground-water-storage-tanks-c8885104.html,"FRP Underground Water Storage Tanks - FRP Material, Cream Color, Powder Coated, Industrial Usage",FRP Underground Water Storage Tanks,,,,,,,,,,10000 Per Month,,,,Industrial,,,,False,frp underground water storage tanks  frp material cream color powder coated industrial usage,,44
,N.K SALES INDIA,,Water Storage Tanks,,,N.K.SALES INDIA,,INR,,,Delhi,,,0%,,,All India,Western Europe North America Eastern Europe Middle East Africa South America Australia Asia Central America,Steel,1,1,1,1,,,1,,Cash on Delivery (COD) Cash Against Delivery (CAD) Cash in Advance (CID) Cheque Cash Advance (CA),,14000.00 INR (Approx.),fixed,https://www.tradeindia.com/products/transit-mixer-water-storage-tank-c6055396.html,Transit Mixer Water Storage Tank Industrial,Transit Mixer Water Storage Tank,15 Piece/Pieces,False,True,Sample costs shipping and taxes has to be paid by the buyer,,,,25,,,,,Piece/Pieces,,,,,False,transit mixer water storage tank industrial,,45
,Auto Surf,,Water Storage Tanks,,White,SHIV SHAKTI ROTO PLAST,,INR,-1 Days,,hazirabhavnagar,,,0%,,Commercial,All India,,Plastic,1,1,1,1,,As per requirement,1,,Cash Against Delivery (CAD),PVC,17250.00 INR (Approx.),fixed,https://www.tradeindia.com/products/1500-litres-plastic-water-storage-tank-c7923189.html,1500 Litres Plastic Water Storage Tank - Color: White,,15 Number,False,,,,Cylindrical,Different Available,20,,100 Per Day,,,Number,,1500 Liter (L),,,False,1500 litres plastic water storage tank  color white,,46
water heating systems,STEEL CRAFT FABRICATIONS,,Water Storage Tanks,,Sliver,STEEL CRAFT FABRICATIONS,,INR,2 Week,,Noida,,,0%,,,All India,Central America Western Europe South America Eastern Europe North America Australia Middle East Asia Africa,stainlesssteel,1,1,1,1,,WOODEN PACKING,1,,,,10000.00 INR (Approx.),fixed,https://www.tradeindia.com/products/solar-water-storage-tanks-c6694272.html,Solar Water Storage Tanks - Color: Sliver,Solar Water Storage Tanks,1 Piece/Pieces,False,,Contact us for information regarding our sample policy,,round,,5,,100 Per Week,,,Piece/Pieces,Industrial,,,,True,solar water storage tanks  color sliver,,47
,,,Water Storage Tanks,,,KEDIA POLYMER,,,48 Hours,,,,,,,,West Bengal,,,,,,,,,,,,,,,https://www.tradeindia.com/products/sintex-underground-water-storage-tank-c6568213.html,Sintex Water Storage Tank,,,,,,,,,,,10000 Per Day,,,,,,,,False,sintex water storage tank,,48
,ARIMA CHEMICALS & SYSTEMS,,Water Storage Tanks,,Silver,ARIMA CHEMICALS & SYSTEMS,,INR,2-10 Days,,,,,0%,,Industrial grade,All India,,Metal,7,7,7,7,,,,,Cash in Advance (CID),,9000.00 INR (Approx.),fixed,https://www.tradeindia.com/products/stainless-steel-water-storage-tank-c9921300.html,"Stainless Steel Water Storage Tank - 1000 Liters, Industrial Grade Durability, Vertical Cylindrical Design",,7 Piece/Pieces,False,,,,Cylindrical,,35,,1000 Per Month,,,Piece/Pieces,,1000 Liter (L),,,True,stainless steel water storage tank  1000 liters industrial grade durability vertical cylindrical design,,49
,,,Water Storage Tanks,,Silver,DAZZLE AQUA,,,5-7 Days,,,,,,,,,,Other Mild Steel,,,,,,,,,,,,,https://www.tradeindia.com/products/stainless-steel-water-storage-tank-c10237833.html,Stainless Steel Water Storage Tank - Color: Silver,,,,,,,Cylindrical,Standard,,,10000 Per Month,,,,,1500 Liter (L),,,True,stainless steel water storage tank  color silver,,50
,STEAM & POWER ENGINEERS,,Water Storage Tanks,,,STEAM & POWER ENGINEERS,New,INR,2 Days,,,,,0%,,,All India,Australia North America Eastern Europe Middle East Central America South America Asia Western Europe Africa,Mild Steel,1,1,1,1,,,1,,,,250000.00 INR (Approx.),fixed,https://www.tradeindia.com/products/deaerators-cum-feed-water-storage-tanks-c2242800.html,Mild Steel Deaerators Cum Feed Water Storage Tanks,Deaerators Cum Feed Water Storage Tanks,1 Unit/Units,False,,,,,,5,,5-10 Per Week,,,Unit/Units,Industrial,,,,False,mild steel deaerators cum feed water storage tanks,,51
,,,Water Storage Tanks,,Grey,INDUSMATRIX INDIA PRIVATE LIMITED,,,,,,,,,,,,,MS,,,,,,,,,,,,,https://www.tradeindia.com/products/frp-underground-water-storage-tanks-c10387289.html,"FRP Underground Water Storage Tanks - MS Material, Standard Size, Grey Color | 220-240V Voltage Rating for Industrial Applications",FRP Underground Water Storage Tanks,,,,,,,Standard,,,,,,,Industrial,,,,False,frp underground water storage tanks  ms material standard size grey color  220240v voltage rating for industrial applications,,52
,,,Water Storage Tanks,,Red,MARUTI TECHNOLOGY,NEW,,10 Days,,,,,,,First Class,All India,,,,,,,,,,,,,,,https://www.tradeindia.com/products/ms-storage-tank-c9344546.html,Ms Storage Tank - Color: Red,MS Storage Tank,,,,,,,Various Sizes Available,,,50 Per Month,,,,Industrial,,,,False,ms storage tank  color red,,53
Other,,,Water Storage Tanks,,Silver,KAD CORPORATION,,,7 Days,,,,,,,,,,Stainless Steel,,,,,,,,,,,,,https://www.tradeindia.com/products/heat-pump-20-kw-with-hot-water-storage-tank-3000-ltr-c10820145.html,Heat Pump 20 Kw With Hot Water Storage Tank 3000 Ltr - Color: Silver,Heat Pump 20 KW With Hot Water Storage Tank 3000 LTR,,,,,,,Standard,,,1 Per Week,,,,Industrial,,,,True,heat pump 20 kw with hot water storage tank 3000 ltr  color silver,,54
,,1000-5000 Ltr/hr,Water Storage Tanks,,Blue,INDIA COMPOSITES AND INDUSTRIAL WORKS,NEW,,2-10 Days,,,,,,,Industrial grade,All India,,,,,,,,,,,,,,,https://www.tradeindia.com/products/frp-ug-water-storage-tank-c9896170.html,Frp Ug Water Storage Tank - Capacity: 1000-5000 Ltr/Hr,,,,,,,,Standard,,,100 Per Month,,,,Store water,,,,False,frp ug water storage tank  capacity 10005000 ltrhr,1000.0,55
,,,Water Storage Tanks,,,SRI SAI KRISHNA FIBRE PRODUCTS,,,,,,,,,,,,,,,,,,,,,,,,,,https://www.tradeindia.com/products/frp-water-storage-tanks-c6684062.html,"FRP Water Storage Tanks - Durable Fiberglass Reinforced Plastic, Leak-Resistant Design for Long-Lasting Performance",,,,,,,,,,,,,,,,,,,False,frp water storage tanks  durable fiberglass reinforced plastic leakresistant design for longlasting performance,,56
,,,Textile,,Different Available,NIVA CREATION,,,10 Days,Modern,,,Washable,,Female,,All India,,,,,,,Party Wear,,,Hand Print,,,,,https://www.tradeindia.com/products/organza-silk-saree-c10295918.html,"Organza Silk Saree - High-Quality Organza Silk, Available in Sizes S, M, L, XL | Hand Embroidery Work, Modern Hand Print Design, Washable for Effortless Care",,,,,,Winter Summer,,SMLXL,,,3000 Per Month,,,,,,,Hand Embroidery,False,organza silk saree  highquality organza silk available in sizes s m l xl  hand embroidery work modern hand print design washable for effortless care,,57
,WINASIA GLOBAL VENTURES LLP,,Textile,,Pink,WINASIA GLOBAL VENTURES LLP,,INR,20-25 Days,,,,,0%,,,All India,,Silk,100,100,100,100,Party Wear,,1,Printed,Cash Advance (CA),,4040.00 INR (Approx.),fixed,https://www.tradeindia.com/products/gadhwal-silk-sarees-with-blouse-c8677121.html,Pink Gadhwal Silk Sarees With Blouse,Gadhwal Silk Sarees With Blouse,100 Unit/Units,False,,,Summer,,,1000,,5000 Per Month,,,Unit/Units,,,,,False,pink gadhwal silk sarees with blouse,,58
,,,Textile,,Other Customized Color,VIHAA PRINT AND PACK PRIVATE LIMITED,,,,,,,,,,,,,Other Paper Board,,,,,,,,,,,,,https://www.tradeindia.com/products/colorful-cardboard-clothing-saree-packaging-box-c10197859.html,Colorful Cardboard Clothing Saree packaging Box,Other Colorful Cardboard Clothing Saree packaging Box,,,,,,Other Different Shape,,,,,,,,,,,,False,colorful cardboard clothing saree packaging box,,59
,,,Textile,,,SAHIK PRIVATE LIMITED,,,1 Week,,,,,,,,All India,Asia,Silk,,,,,,,,Floral Print,Cash Against Delivery (CAD) Cash on Delivery (COD) Cash Advance (CA) Cash in Advance (CID),,,,https://www.tradeindia.com/products/ladies-assam-silk-saree-for-party-wear-8537787.html,Ladies Assam Silk Saree For Party Wear Packaging: Plastic Bottle,Ladies Assam Silk Saree For Party Wear,,,,,Spring Other Summer Winter Rainy,,,,,10000 Per Week,,,,,,,,False,ladies assam silk saree for party wear packaging plastic bottle,,60
,,,Textile,,Red,SUKARNA,,,7 Days,,,,,,,,All India,,Silk,,,,,Casual,,,Printed,Cash in Advance (CID),,,,https://www.tradeindia.com/products/carrot-red-kanjivaram-saree-c9105464.html,Silk Carrot Red Kanjivaram Saree,Carrot Red Kanjivaram Saree,,,,,Spring Summer Winter Rainy,,,,,5000 Per Month,,,,,,,,False,silk carrot red kanjivaram saree,,61
,,,Textile,,,VIVEK TEXTILES,,,7 Days,,,,,,,,All India,Australia North America South America Eastern Europe Western Europe Middle East Central America Africa Asia,,,,,,,,,,Cash Against Delivery (CAD) Cash on Delivery (COD) Paypal Delivery Point (DP) Letter of Credit (L/C) Western Union Letter of Credit at Sight (Sight L/C) Telegraphic Transfer (T/T) Days after Acceptance (DA) Cash in Advance (CID) Cheque Cash Advance (CA),,,,https://www.tradeindia.com/products/munga-print-c3931581.html,"Munga Print Saree - Foil Print D No.1125, 42"" Length, Washable, Stylish Plain Texture, Perfect for Clothing",,,,True,Sample costs shipping and taxes has to be paid by the buyer,,,,,Plain,,,,,,,,,False,munga print saree  foil print d no1125 42 length washable stylish plain texture perfect for clothing,,62
,,,Textile,,,BIOWASTE SOLUTION,,,7 Days,Plain,,,Biodegradable Recyclable,,,,,,,,,,,,,,,,,,,https://www.tradeindia.com/products/saree-cover-pack-of-12-c10400206.html,"Saree Cover Set - Customizable Sizes, Colors & Designs | Biodegradable, Recyclable, Flexiloop Handle, Pack of 12",Bags,,,,,,,Different available,,,5000 Per Month,,,,,,,,False,saree cover set  customizable sizes colors  designs  biodegradable recyclable flexiloop handle pack of 12,,63
,,,Textile,,Various sizes are available,CAPION GLOBAL PRIVATE LIMITED,,,5 Days,,,,,,,,,,,,,,,Party Wear,Standard,,,Cheque Cash Advance (CA) Cash in Advance (CID),,,,https://www.tradeindia.com/products/kanjivaram-jacquard-saree-8650874.html,"Kanjivaram Jacquard Saree - Soft Touch Fabric, Various Sizes Available | Wrinkle Free, No Color Fade, Ideal for Gifting, Perfect for All Seasons",Kanjivaram Jacquard Saree,,,,Contact us for information regarding our sample policy,Spring Other Summer Winter Rainy,,,,,,,,,,,,,False,kanjivaram jacquard saree  soft touch fabric various sizes available  wrinkle free no color fade ideal for gifting perfect for all seasons,,64
,,,Textile,,,SAI EXPORT,,,,,,,,,,,All India,Asia,,,,,,,,,,Cash on Delivery (COD) Cash Against Delivery (CAD) Cheque Cash Advance (CA),,,,https://www.tradeindia.com/products/ladies-plain-saree-4394302.html,Ladies Plain Saree,,,,True,Free samples are available,,,,,,,,,,,,,,False,ladies plain saree,,65
,SAREE MALL ( A Brand of AARSH LIFESTYLE PRIVATE LIMITED),,Textile,,Yellow,SAREE MALL ( A BRAND OF AARSH LIFESTYLE PRIVATE LIMITED),,INR,3-4 Days,,,,,0%,,,All India,,Silk,59,59,59,59,Casual,,,Printed,Cash Advance (CA),,1010.00 INR (Approx.),fixed,https://www.tradeindia.com/products/womens-silk-blend-mustard-woven-design-saree-with-blouse-piece-c8743135.html,"Womens Silk Blend Saree - Lightweight Breathable Fabric, Mustard Yellow Woven Design with Matching Blouse Piece",Designer Saree,59 Piece/Pieces,False,,,,,,295,,100 Per Week,,,Piece/Pieces,,,,,False,womens silk blend saree  lightweight breathable fabric mustard yellow woven design with matching blouse piece,,66
,Parvati,,Textile,Other,Multicolor,PARVATI FABRICS LTD.,,INR,,,,Other,,0%,,,All India,Asia,Silk,46,46,46,46,Party Wear,,,Other,Telegraphic Transfer (T/T),,1295.00 INR (Approx.),fixed,https://www.tradeindia.com/products/women-silk-saree-c9292245.html,Silk Banarasi Saree - Multicolor Zari Work Design | Glamorous Party Wear for Sophisticated Modern Style,Saree,46 Piece/Pieces,False,,,Other,,,230,Banarasi,,,,Piece/Pieces,,,,Zari Work,False,silk banarasi saree  multicolor zari work design  glamorous party wear for sophisticated modern style,,67
,,,Textile,,,AROMAVALLEY TRADE PRIVATE LIMITED,,,,,,,,,,,,,Metal,,,,,,,,,Others Cheque,,,,https://www.tradeindia.com/products/bike-metal-chain-cover-7235399.html,Bike Metal Chain Cover Vehicle Type: Bajaj,Two Wheeler Chain Cover Other,,,,Contact us for information regarding our sample policy,,,,,,,,Other Chain Cover,,,,,,False,bike metal chain cover vehicle type bajaj,,68
,,,Textile,,,UMAKRUPA PLAST,,,7 Days,,,,,,,,,,,,,,,,as per customer,,,Paypal Others,,,,https://www.tradeindia.com/products/plastic-saree-packing-container-6168808.html,Plastic Saree Packing Container,,,,True,Free samples are available,,,,,,,,,,,,,,False,plastic saree packing container,,69
,,,Textile,,Different Available,K C ASTIR & CO PVT LTD,,,10 Days,,,,,,,,All India,,,,,,,,,,Embroidered,Cash on Delivery (COD),,,,https://www.tradeindia.com/products/saree-crochet-strips-c8484083.html,"Saree Crochet Strips - Cotton or Silk with Custom Designs | Reversible, Embroidered Patterns, Available in Various Colors and Sizes",Laces,,,,,,,Different Available,,,5000 Per Month,,Reversible,,,,,,False,saree crochet strips  cotton or silk with custom designs  reversible embroidered patterns available in various colors and sizes,,70
,,,Textile,,Blue,NILESH RIBBON INDUSTRIES,,,4-5 Days,,,Cotton,,,,,All India,Australia Western Europe Middle East Central America South America Asia Eastern Europe North America Africa,Nylon,,,,,,Box,,Striped,Cash on Delivery (COD) Cash Advance (CA) Cash in Advance (CID) Cheque,,,,https://www.tradeindia.com/products/fancy-saree-border-lace-c4318976.html,"Fancy Saree Border Lace - Nylon & Silk Blend, Size 20 mm, Blue Color | One-Sided, Striped Pattern Design Options Available",Fancy Saree Border Lace,,,True,Free samples are available,,Rectangle,20 mm,,,5000 Per Day,,One Sided,,,,,,False,fancy saree border lace  nylon  silk blend size 20 mm blue color  onesided striped pattern design options available,,71
,,,Textile,,Golden,LALWALA RAJDHANI LACE & BORDER,,,3 Days,,,,,,,,All India,Asia,,,,,,,Packaging Box,,,Cash Against Delivery (CAD) Cash on Delivery (COD) Cash Advance (CA) Cash in Advance (CID) Cheque,,,,https://www.tradeindia.com/products/metallic-zari-laces-for-saree-349376.html,Golden Metallic Zari Laces For Saree,Laces,,,,,,,Various Sizes Available,,,,,One Sided,,,,,,False,golden metallic zari laces for saree,,72
,,,Textile,,Golden Green Red,ONLINE FASHION,,,3 Days,,,Cotton Silk,,,,,All India,Asia Central America North America South America Eastern Europe Western Europe Middle East Australia Africa,Silk,,,,,Party Wear,,,,Cash Against Delivery (CAD),,,,https://www.tradeindia.com/products/pure-mercerised-cotton-silk-ladies-saree-8508126.html,Party Wear Pure Mercerised Cotton Silk Ladies Saree,Pure Mercerised Cotton Silk Ladies Saree,,,True,,Summer Spring,,,,,1000 Per Day,,,,,,,,False,party wear pure mercerised cotton silk ladies saree,,73
,R K ENTERPRISE,,Textile,,White,G K ENTERPRISE,,INR,5 Days,,,,Moisture Proof,18%,,,[ ' A l l d i a ' I n ],,,500,500,500,500,,,1,,,,138.00 INR (Approx.),fixed,https://www.tradeindia.com/products/uncoated-paper-for-saree-shirt-wrapping-c10086762.html,"Uncoated Paper for Saree / Shirt Wrapping - 60 Thickness, White Color | Moisture Proof, Uncoated Surface, Customizable Size, Versatile for Baking & Crafts",,500 Piece/Pieces,False,False,,,1 SIDE,,10000,,10000 Per Month,,,Piece/Pieces,,,11.00 Kilogram,,False,uncoated paper for saree  shirt wrapping  60 thickness white color  moisture proof uncoated surface customizable size versatile for baking  crafts,,74
,,,Textile,,Multicolor,PERI BAGS,,INR,5-7 Days,Printed,,,,0%,,,All India,,Other PVC,60,60,60,60,,,1,,Cash in Advance (CID),,175.00 INR (Approx.),fixed,https://www.tradeindia.com/products/printed-saree-storage-bag-c10640946.html,Printed Saree Storage Bag - Color: Multicolor,,60 Piece/Pieces,False,,,,,15 x 9 x 18 Inch,300,,1000 Per Month,,,Piece/Pieces,,,,,False,printed saree storage bag  color multicolor,,75
,,,Textile,Other,YELLOWPINKORANGESEA-GREEN CREAM,VISHNU WEAVES,,,6 Days,FLORAL,,Khadi,,,WOMEN,,All India,,MUGA COTTON,,,,,Festive,,,FLORAL WEAVING,,,,,https://www.tradeindia.com/products/muga-cotton-saree-c10868344.html,MUGA COTTON SAREE,SAREE,,,True,Sample costs shipping and taxes has to be paid by the buyer,Spring Summer Winter Rainy,,FREE SIZE,,WEAVING,1000 Per Day,,,,,,,Other,False,muga cotton saree,,76
,,,Textile,,Orange,AMARDEEP UDYOG,,,5-7 Days,,,,,,Female,,All India,,Cotton,,,,,Formal,,,Plain,Cash in Advance (CID),,,,https://www.tradeindia.com/products/ladies-plain-saree-c10688324.html,Ladies Plain Saree - Color: Orange,,,,,,,,,,,1000 Per Month,,,,,,,,False,ladies plain saree  color orange,,77
,AFREET ONLINE SERVICES PRIVATE LIMITED,,Textile,,Grey,AFREET ONLINE SERVICES PRIVATE LIMITED,,INR,7 Days,,,,Dry Cleaning Washable No Fade Quick Dry,0%,,,All India,,,40,40,40,40,,,,Plain,Cash Advance (CA),,1500.00 INR (Approx.),fixed,https://www.tradeindia.com/products/ladies-saree-c5991838.html,Grey Ladies Saree,Saree,40 Piece/Pieces,False,,,All Season,,,200,,5000 Per Month,,,Piece/Pieces,,,,,False,grey ladies saree,,78
,,,Textile,,,BIZCOVERINDIA.COM LLP,,,,,,,,,,,,,,,,,,,,,,,,,,https://www.tradeindia.com/products/high-quality-sungudi-sarees-c9295485.html,High quality sungudi sarees,,,,,,,,,,,,,,,,,,,False,high quality sungudi sarees,,79
,Aanandini Paithani,,Textile,,Different Available,AANANDINI PAITHANI,,INR,10 Days,,,,,0%,,,All India,,Silk,1,1,1,1,Designer,,,Printed,Cash in Advance (CID),,95000.00 INR (Approx.),fixed,https://www.tradeindia.com/products/paithani-silk-butta-yellowish-green-saree-c10139064.html,"Paithani Silk Butta Saree - Luxurious Hand Embroidery, Timeless Printed Design in Yellowish Green | Perfect for Weddings, Parties, and Festivals",,1 Piece/Pieces,False,,,,,,5,,5000 Per Month,,,Piece/Pieces,,,,Hand Embroidery,False,paithani silk butta saree  luxurious hand embroidery timeless printed design in yellowish green  perfect for weddings parties and festivals,,80
,,,Textile,,Different Available,SUKARTIK CLOTHING PVT. LTD.,,,7 - 10 Days,Modern,,Nylon,Washable,,,,All India,,NYLON SPANDEX,,,,,,,,Plain,Cash in Advance (CID),,,,https://www.tradeindia.com/products/ladies-seamless-saree-shaper-with-drawcord-c10754158.html,Ladies Seamless Saree Shaper With Drawcord - Color: Different Available,,,,,,,,SMLXL,,,,,,,,,,,False,ladies seamless saree shaper with drawcord  color different available,,81
,,,Textile,Other,5 color,DEVANSHI SAREES PVT. LTD.,,,,,,Tissue,dry wash,,Female,,All India,,art tissue,,,,,Party Wear,,,Printed,Cash in Advance (CID),,,,https://www.tradeindia.com/products/digital-printed-saree-c10385250.html,Tusser Tissue Pitta Work Fancy Saree - Color: 5 Color,,,,,,Spring Winter Rainy,,6.5,,pita woek.,1000 Per Month,,,,,,,Zari Work,False,tusser tissue pitta work fancy saree  color 5 color,,82
,INDIA WHOLESALE BAZAR,,Textile,,MULTICOLOR,MONIMAYA GRAM UDYOG,,INR,1 Week,ELEGANTLY BEAUTIFUL,,,GORGEOUS SAREE,5%,FEMALE,,Lakshadweep Mizoram Meghalaya Dadra and Nagar Haveli Andaman and Nicobar Islands Rajasthan Sikkim Tamil Nadu Telangana Tripura Pondicherry South India Manipur Andhra Pradesh Bihar Chandigarh Goa Jharkhand Arunachal Pradesh Central India West India North India East India Gujarat Karnataka Kerala Daman and Diu Odisha Punjab Assam Delhi All India Chhattisgarh Haryana Himachal Pradesh Maharashtra Nagaland Jammu and Kashmir Madhya Pradesh Uttar Pradesh Uttarakhand West Bengal,Asia Australia Central America North America South America Eastern Europe Western Europe Middle East Africa,BANARASI SILK,30,30,30,30,,BOX/ CARTON,1,,Others Paypal Cash Advance (CA) Days after Acceptance (DA) Cash in Advance (CID) Cheque Delivery Point (DP) Western Union,,333.33 INR (Approx.),fixed,https://www.tradeindia.com/products/women-s-banarasi-saree-c10360625.html,"WOMEN'S BANARASI SAREE - Banarasi Silk, 6 Yards, Multicolor | Elegantly Beautiful Design, Gorgeous Texture with Image Prints",BANARASI SAREE,30 Piece/Pieces,False,False,,,,6 YARDS,150,SILK SAREE,100 Per Week,,,Piece/Pieces,,,450.00 Gram,,False,womens banarasi saree  banarasi silk 6 yards multicolor  elegantly beautiful design gorgeous texture with image prints,,83
,,,Textile,,Multicolor Available,RP CREATIONS,,INR,5-7 Days,,,,,0%,Women,,[ ' A l l I n d i a ' ],[ ],Cotton,100,100,100,100,W e a r ' ] [ ' D a i l y,,1,Printed,[ ' C a s h i n A d v a n c e ( C I D ) ' ],,900.00 INR (Approx.),fixed,https://www.tradeindia.com/products/designer-kalamkari-saree-c10104144.html,"Designer Kalamkari Saree - High-Quality Cotton, Multicolor Print | Lightweight, Elegant, Perfect for Summer Daily Wear",Designer Kalamkari Saree,100 Piece/Pieces,False,,,[ ' S u m m e r ' ],,,5,,1000 Per Month,,,Piece/Pieces,,,,,False,designer kalamkari saree  highquality cotton multicolor print  lightweight elegant perfect for summer daily wear,,84
,,,Textile,,As Per Requirement,UNITED INDUSTRIES,,,10 Days,,,,,,,,South India Madhya Pradesh Tamil Nadu Central India Karnataka Telangana Kerala Andhra Pradesh Odisha,,Plastic,,,,,,,,,Cash Advance (CA),PP,,,https://www.tradeindia.com/products/plastic-saree-storage-boxes-c10325638.html,"Plastic Saree Storage Boxes - Virgin Grade Polypropylene | Eco-Friendly, Heat Resistant, Attractive Designer Style, Built-In Handles for Easy Access",,,,,,,,,,Attractive / Designer,5000 Per Month,,,,,,,,False,plastic saree storage boxes  virgin grade polypropylene  ecofriendly heat resistant attractive designer style builtin handles for easy access,,85
,,,Textile,,Transparent,FOREVER ENTERPRISES,,,1-7 Days,,,,,,,,,,Other,,,,,,,,,,,,,https://www.tradeindia.com/products/saree-packaging-bag-c8463126.html,"Saree Packaging Bag - PVC Material, Embossed Surface, Zipper Closure, Transparent Color, Loop Handle",Saree Packaging Bag,,,,,,,,,,,,,,,,,,False,saree packaging bag  pvc material embossed surface zipper closure transparent color loop handle,,86
,,,Textile,,,RAHUL PLASTICS,,,10 Days,,,,,,,,All India,,,,,,,,,,,,,,,https://www.tradeindia.com/products/plastic-saree-brooch-c6606888.html,"Plastic Saree Brooch - Plastic Cover, 1 Inch Length, Stainless Steel Base | Fashion Pin for Sarees, Alluring Design, Various Sizes Available",,,,,,,,Different Size Available,,,500 Per Day,,,,,,,,True,plastic saree brooch  plastic cover 1 inch length stainless steel base  fashion pin for sarees alluring design various sizes available,,87
,,,Textile,,Multicolor,SRITHA GANESH ENTERPRISES,,INR,5 Days,,Handloom,Other,,0%,,,,,Silk,2,2,2,2,Ethnic,,1,Plain,Cash Advance (CA) Cash in Advance (CID),,5000.00 INR (Approx.),fixed,https://www.tradeindia.com/products/kanchipuram-silk-sarees-9499800.html,Kanchipuram Silk Sarees - Occasion: Ethnic,Kanchipuram Silk Sarees,2 Piece/Pieces,False,,Within a certain price range free samples are available,Other Other Winter Summer Spring,,,10,Handloom,40 Per Week,,,Piece/Pieces,,,,Thread Work,False,kanchipuram silk sarees  occasion ethnic,,88
,,,Textile,Laces,Pink,ARRON CREATS,,,1 Week,,,,,,,,All India,,Silk,,,,,,,,Printed,Cash in Advance (CID) Cheque Cash Advance (CA),,,,https://www.tradeindia.com/products/party-wear-sarees-c1718810.html,Pink Party Wear Sarees,Party Wear Sarees,,,True,Contact us for information regarding our sample policy,,,,,Bollywood,100 Per Day,,,,,,,Zari Work,False,pink party wear sarees,,89
,,,Textile,Laces,Multicolor,DSG WORLD FASHION WEAR,,,7 Days,,,,Good quality,,Women,,All India,,Silk,,,,,,,,Printed,Cash in Advance (CID),,,,https://www.tradeindia.com/products/ladies-party-wear-banarasi-silk-saree-c10473174.html,"Ladies Party Wear Banarasi Silk Saree - High-Quality Silk Material, Multicolor Printed Pattern | Laces Closure, Elegant Banarasi Style, All-Season Wear",,,,,,Summer Winter Spring,,,,Banarasi,100 Per Month,,,,,,,,False,ladies party wear banarasi silk saree  highquality silk material multicolor printed pattern  laces closure elegant banarasi style allseason wear,,90
,,,Textile,,Different Available,SONIYA ENTERPRISES,,,10 Days,,,,,,,,All India,,Silk,,,,,Designer,,,Printed,Cash on Delivery (COD),,,,https://www.tradeindia.com/products/ladies-designer-silk-saree-c8930431.html,Different Available Ladies Designer Silk Saree,,,,,,Summer Winter,,,,,5000 Per Month,,,,,,,,False,different available ladies designer silk saree,,91
,,,Textile,,as per requirement,MATRUSHREE NARROW FABRICS,,,7-10 Days,,,Cotton,,,,,All India,,Cotton,,,,,,,,Embroidered,,,,,https://www.tradeindia.com/products/embroidery-saree-lace-c9940861.html,"Embroidery Saree Lace - Polyester Material , One Sided Embroidered Pattern in Custom Colors",Laces,,,,,,,,,,1000 Per Month,,One Sided,,,,,,False,embroidery saree lace  polyester material  one sided embroidered pattern in custom colors,,92
,,,Textile,,,SAMARTH INDUSTRIES,,,,,,,,,,,,,,,,,,,,,,,,,,https://www.tradeindia.com/products/13x16x2-5-inch-saree-plastic-packaging-box-c7396131.html,Pvc 13X16X2.5 Inch Saree Plastic Packaging Box,,,,,,,,,,,,,,,,,,,False,pvc 13x16x25 inch saree plastic packaging box,,93
,STAR FISH INDIA LAUNDRY MACHINES PRIVATE LIMITED,,Textile,,,STAR FISH INDIA LAUNDRY MACHINES PRIVATE LIMITED,,INR,,,,,,18%,,,All India,,Mild steel,1,1,1,1,,,,,,,300000.00 INR (Approx.),fixed,https://www.tradeindia.com/products/sspsg-1400-gas-single-roller-saree-polishing-with-starch-spray-c9850157.html,Sspg4 1400 Gas Single Roller Saree Polishing With Starch Spray - Material: Mild Steel,,1 Piece/Pieces,False,,,,,2100 x 1060 x1250mm,5,,10 Per Month,,,Piece/Pieces,Laundry,,400 Kilograms (kg),,False,sspg4 1400 gas single roller saree polishing with starch spray  material mild steel,,94
,,,Textile,Laces,Orange And Pink,BANDHANIWALA TRADING CO.,,,As per customer need Week,,,Cotton Silk,,,,,All India,Australia North America South America Eastern Europe Western Europe Middle East Africa Asia Central America,,,,,,,Poly Bag,,Printed,Cash on Delivery (COD) Cash in Advance (CID) Cheque Cash Advance (CA),,,,https://www.tradeindia.com/products/traditional-bandhani-sarees-c3611349.html,"Traditional Bandhani Sarees - Synthetic Silk, 6.25mm with Blouse, Orange and Pink Color | Hand Embroidery, Printed Pattern, Suitable for All Seasons",Sarees,,,True,Sample costs shipping and taxes has to be paid by the buyer,Summer Rainy Winter,,,,Bandhani,150 Per Day,,,,,,,Hand Embroidery,False,traditional bandhani sarees  synthetic silk 625mm with blouse orange and pink color  hand embroidery printed pattern suitable for all seasons,,95
,,,Textile,,,EA PACKAGING INDIA PVT. LTD.,,,,,,,,,,,,,,,,,,,,,,,,,,https://www.tradeindia.com/products/saree-packaging-bags-c6325745.html,Saree Packaging Bags,,,,,,,,,,,,,,,,,,,False,saree packaging bags,,96
,,,Textile,,Multicolor,MAHAVEER BOX WALA,,,7 Days,Modern,,,,,,,All India,,,,,,,,,,,Cash in Advance (CID),,,,https://www.tradeindia.com/products/sb-029-sanskriti-sarees-ultrasonic-bags-c10526683.html,Sb 029 Sanskriti Sarees Ultrasonic Bags - Color: Multicolor,,,,,,,,Different available,,,5000 Per Month,,,,,,,,False,sb 029 sanskriti sarees ultrasonic bags  color multicolor,,97
,,,Textile,,Multicolor,LOB KUMAR SAHA,,,5 Days,,,Khadi,Skin Friendly,,Ladies,,All India,,Cotton,,,,,,,,Printed,Cash in Advance (CID) Cheque Days after Acceptance (DA),,,,https://www.tradeindia.com/products/ladies-printed-khadi-sarees-9276994.html,"Ladies Printed Khadi Sarees - Cotton Fabric, Multicolor, Machine Washable | Anti Shrink, Easy To Clean, Skin Friendly, Colorfastness",Printed Khadi Sarees,,,,,Other,,,,,500 Per Week,,,,,,,,False,ladies printed khadi sarees  cotton fabric multicolor machine washable  anti shrink easy to clean skin friendly colorfastness,,98
,,,Textile,,White,T.S.A COLLECTION,,,10 Days,,,,,,,,,,,,,,,,,,Embroidered,Cash Against Delivery (CAD) Others Cash on Delivery (COD) Cash Advance (CA) Cash in Advance (CID) Cheque,,,,https://www.tradeindia.com/products/attractive-design-fine-finish-comfortable-sarees-7997766.html,"Attractive Design Fine Finish Comfortable Sarees - Embroidered Cotton Blend, White Color | Machine Washable, Stone Work, Suitable for Summer & Winter",Saree,,,,Contact us for information regarding our sample policy,Summer Winter,,,,,10 Per Day,,,,,,,Stone Work,False,attractive design fine finish comfortable sarees  embroidered cotton blend white color  machine washable stone work suitable for summer  winter,,99
,,,Textile,,,AIRBORNE INTERNATIONAL COURIER SERVICES,,,3-4 Days,,,,,,,,,,,,,,,,,,,,,,,https://www.tradeindia.com/products/saree-courier-service-c8317486.html,Saree Courier Service,,,,,,,,,,,100000 Per Month,,,,,,,,False,saree courier service,,100
,,,Textile,,Multicolor,ELITE EXIM,,,7 Days,Modern,,,High Quality,,Ladies,,All India,,,,,,,,,,Printed,Cash in Advance (CID),,,,https://www.tradeindia.com/products/pochampally-ikkath-sarees-c10549618.html,Pochampally Ikkath Sarees - Color: Multicolor,,,,,,,,,,,5000 Per Month,,,,,,,,False,pochampally ikkath sarees  color multicolor,,101
,zeel,,Textile,Sequins,,H K FASHION,,INR,,,,Other,,0%,,,All India,Australia North America South America Eastern Europe Western Europe Middle East Africa Central America Asia,Georgette,100,100,100,100,Party Wear,,1,Embroidered,Others Cash Advance (CA),,2899.00 INR (Approx.),fixed,https://www.tradeindia.com/products/party-wear-saree-c7188478.html,Georgette Party Wear Sarees,SAREE,100 Piece/Pieces,False,,,Summer Winter Rainy Spring Other,,,300,Bollywood,,,,Piece/Pieces,,,,Sequin Work,False,georgette party wear sarees,,102
,,,Textile,,,KRUGER METAFORM INDIA PRIVATE LIMITED,,,,,,,,,,,,,,,,,,,,,,,,,,https://www.tradeindia.com/products/clothing-stand-c7404922.html,Saree Hanging Counter,,,,,,,,,,,,,,,,,,,False,saree hanging counter,,103
,SHIVAAY CREATION,,Textile,,Black,SHIVAAY CREATION,,INR,7-10 Days,,,Art Silk,,0%,Female,,,,Georgette,40,40,40,40,Party Wear,,,Embroidered,,,1500.00 INR (Approx.),fixed,https://www.tradeindia.com/products/4135-ladies-sarees-c10136202.html,4135 Ladies Sarees - Color: Black,Saree,40 Piece/Pieces,False,,,,,,200,Designer,5000 Per Month,,,Piece/Pieces,,,,Sequin Work,False,4135 ladies sarees  color black,,104
,,,Textile,,,SADABAHAR FASHION,,,7 Days,,surat,,Breathable Washable,,,,Dadra and Nagar Haveli Himachal Pradesh Andaman and Nicobar Islands Nagaland Uttarakhand Daman and Diu Lakshadweep Delhi Gujarat South India East India Andhra Pradesh Assam Arunachal Pradesh Chandigarh Goa Jammu and Kashmir Jharkhand Kerala Madhya Pradesh Maharashtra Mizoram Meghalaya Manipur Punjab Pondicherry Sikkim Tamil Nadu Tripura West Bengal Karnataka Haryana Rajasthan North India Bihar Telangana Central India Odisha West India Chhattisgarh Uttar Pradesh All India,,Silk,,,,,,single pieces,,Printed,Cash Advance (CA) Others Paypal Cash in Advance (CID),,,,https://www.tradeindia.com/products/dola-silk-saree-c7686053.html,"Dola Silk Saree - Heavy Dola Silk Fabric with Piping & Multi Embroidery, Breathable and Washable, Customized Logo",saree,,,,,All Season,,Customized,,,1000 Per Day,,,,,,,,False,dola silk saree  heavy dola silk fabric with piping  multi embroidery breathable and washable customized logo,,105
,,,Textile,,,SIDHARTH TEXTILE,,,2-10 Days,,,,,,,,,,,,,,,,,,,,,,,https://www.tradeindia.com/products/hand-bandhani-sarees-c6268287.html,Hand Bandhani Sarees,,,,,,,,,,,200 Per Week,,,,,,,,False,hand bandhani sarees,,106
,Rangolli Design,,Textile,None Other,Multicolor (Maroon Green Yellow),RANGOLLI DESIGN,,INR,,,,Other Handloom,,0%,,,,,Cotton,100,100,100,100,Other Casual Festive,,1,Solid with Kantha Work Other,,,2000.00 INR (Approx.),fixed,https://www.tradeindia.com/products/kantha-work-on-handloom-saree-c7841201.html,Kantha work on handloom saree,Saree,100 Number,False,,,Other All Seasons,,,300,Other Traditional,,,,Number,,,,Other Kantha Work,False,kantha work on handloom saree,,107
,S V SAREE HOUSE,,Textile,,Multicolor,S V SAREE HOUSE,,INR,7 Days,,,,,0%,,,All India,,Organza Other,80,80,80,80,Casual,,,Printed,Cash in Advance (CID),,800.00 INR (Approx.),fixed,https://www.tradeindia.com/products/festival-wear-floral-organza-saree-c9024345.html,Multicolor Festival Wear Floral Organza Saree,Festival Wear Floral Organza Saree,80 Piece/Pieces,False,,,Summer Spring Winter Rainy,,,400,Other Indian,1000 Per Month,,,Piece/Pieces,,,,,False,multicolor festival wear floral organza saree,,108
,Jyothi Fashion,,Textile,,Multi colours,JYOTHI FASHION,,INR,10 Days,,,Other,,0%,,,All India,Asia Eastern Europe Western Europe,Cotton,43,43,43,43,Festive,,,Hand Print,,,1395.00 INR (Approx.),fixed,https://www.tradeindia.com/products/kerala-cotton-saree-c9635273.html,Kerala Cotton Saree - Color: Multi Colours,Kerala Cotton Saree,43 Piece/Pieces,False,,,,,,215,South,100 Per Month,,,Piece/Pieces,,,,,False,kerala cotton saree  color multi colours,,109
,,,Textile,,Silver,SHIV MAHI JEWELLARY,,,5 Days,,,,,,,,All India,Asia Australia Central America North America South America Eastern Europe Western Europe Middle East Africa,,,,,,Anniversary Engagement Gift Party Wedding,New Packaging Box,,,Cash Advance (CA) Cash in Advance (CID),,,,https://www.tradeindia.com/products/saree-pin-c9979422.html,"Saree Pin - Alloy Brooch with Silver Plating, 1.5 Inch Size, Perfect for Anniversary, Engagement, Gift, Party, Wedding",,,,True,Sample costs shipping and taxes has to be paid by the buyer,,,1.5 INCH,,,5000 Per Month,,,,,,6 GSM (gm/2),,False,saree pin  alloy brooch with silver plating 15 inch size perfect for anniversary engagement gift party wedding,,110
,,,Textile,,Orange,MAHALAXMI IMPEX,,,1 Week,,,,,,,,All India,,Cotton,,,,,,Bag Packing.,,Printed,Cash in Advance (CID) Cheque,,,,https://www.tradeindia.com/products/cotton-saree-c3080980.html,Orange Cotton Saree,Cotton Saree,,,True,Sample costs shipping and taxes has to be paid by the buyer,,,,,Other Indian,,,,,,,,,False,orange cotton saree,,111
,,,Textile,,,VIRAT FAB,,,,,,,,,,,,,,,,,,,,,,,,,,https://www.tradeindia.com/products/satin-fabrics-for-saree-c9135931.html,Satin Printed Fabric For Saree,,,,,,,,,,,,,,,,,,,False,satin printed fabric for saree,,112
